{"cameraMode":{"drawMode":0,"name":"Shaded","section":"Shading Mode"},"sceneLighting":false,"audioPlay":false,"sceneViewState":{"m_AlwaysRefresh":false,"showFog":true,"showSkybox":false,"showFlares":true,"showImageEffects":true,"showParticleSystems":true,"showVisualEffectGraphs":true,"m_FxEnabled":true},"in2DMode":false,"pivot":{"x":1.9278392791748047,"y":1.4239840507507325,"z":-0.0015181899070739747},"rotation":{"x":-0.2922336757183075,"y":-0.053089533001184466,"z":0.016133420169353486,"w":-0.954832911491394},"size":1.9611775875091553,"orthographic":false}